STATIONING (ft),LATITUDE,LONGITUDE,PS_ON,PS_OFF,COMMENTS
0,39.4999352,-93.3466873,-0.825,-0.798,TS MP 748.1912 5' 3'
2.5,39.4999275,-93.3466873,-0.836,-0.803,
5,39.499939,-93.3466873,-0.833,-0.808,
7.5,39.4999352,-93.3466797,-0.838,-0.802,
10,39.4999352,-93.3466568,-0.841,-0.814,
12.5,39.4999352,-93.3466492,-0.829,-0.805,
15,39.4999313,-93.3466415,-0.827,-0.797,
17.5,39.4999352,-93.3466339,-0.828,-0.794,
20,39.4999313,-93.3466186,-0.826,-0.805,
22.5,39.4999313,-93.3466186,-0.803,-0.785,heavy brush off set 10'
25,39.4999657,-93.346611,-0.802,-0.78,
27.5,39.4999657,-93.3466034,-0.784,-0.731,
30,39.4999618,-93.3465958,-0.8,-0.775,
32.5,39.4999618,-93.3465805,-0.8,-0.782,
35,39.499958,-93.3465729,-0.793,-0.762,
37.5,39.499958,-93.34655,-0.78,-0.751,
40,39.4999504,-93.3465271,-0.768,-0.741,
42.5,39.4999428,-93.3465195,-0.756,-0.726,
45,39.4999428,-93.3465195,-0.743,-0.719,
47.5,39.499939,-93.3465118,-0.769,-0.719,
50,39.4999313,-93.346489,-0.726,-0.696,
52.5,39.4999352,-93.3464813,-0.655,-0.634,
55,39.499939,-93.3464737,-0.577,-0.542,
57.5,39.4999313,-93.3464508,-0.535,-0.52,
60,39.4999237,-93.3464279,-0.54,-0.52,end offset
62.5,39.4999161,-93.3464203,-0.559,-0.542,
65,39.4999008,-93.346405,-0.438,-0.414,
67.5,39.4999008,-93.346405,-0.37,-0.343,
70,39.4999008,-93.346405,-0.421,-0.409,
72.5,39.4998932,-93.3463974,-0.47,-0.431,
75,39.4998817,-93.3463974,-0.504,-0.465,
77.5,39.4998856,-93.3463821,-0.431,-0.404,
80,39.4998894,-93.3463669,-0.442,-0.393,
82.5,39.4998856,-93.3463287,-0.502,-0.482,
85,39.4998817,-93.3463287,-0.493,-0.485,
87.5,39.4998817,-93.3463211,-0.524,-0.54,
90,39.4998817,-93.3463135,-0.527,-0.506,
92.5,39.4998779,-93.3462906,-0.497,-0.471,
95,39.4998779,-93.346283,-0.525,-0.424,
97.5,39.4998779,-93.3462677,-0.557,-0.526,
100,39.4998741,-93.3462448,-0.538,-0.516,
102.5,39.4998703,-93.3462296,-0.516,-0.501,
105,39.4998741,-93.3462296,-0.597,-0.572,
107.5,39.4998741,-93.3462067,-0.478,-0.457,
110,39.4998741,-93.346199,-0.399,-0.38,
112.5,39.4998703,-93.3461762,-0.364,-0.352,
115,39.4998665,-93.3461609,-0.454,-0.426,
117.5,39.4998589,-93.346138,-0.455,-0.427,
120,39.4998627,-93.3461304,-0.399,-0.354,
122.5,39.499855,-93.3461151,-0.502,-0.501,
125,39.4998589,-93.3461075,-0.569,-0.542,
127.5,39.4998512,-93.3460998,-0.546,-0.523,
130,39.499855,-93.3460998,-0.59,-0.47,
132.5,39.4998512,-93.346077,-0.493,-0.476,
135,39.4998589,-93.3460617,-0.542,-0.523,
137.5,39.4998474,-93.3460464,-0.618,-0.597,
140,39.4998474,-93.3460312,-0.672,-0.649,
142.5,39.4998398,-93.3460159,-0.681,-0.667,
145,39.4998436,-93.3460083,-0.709,-0.682,
147.5,39.499836,-93.345993,-0.747,-0.62,
150,39.4998322,-93.3459778,-0.709,-0.686,
152.5,39.4998322,-93.3459625,-0.732,-0.655,
155,39.4998322,-93.3459549,-0.668,-0.612,
157.5,39.4998322,-93.3459396,-0.623,-0.604,
160,39.4998322,-93.345932,-0.693,-0.669,
162.5,39.4998322,-93.3459168,-0.668,-0.652,
165,39.4998322,-93.3459091,-0.696,-0.647,
167.5,39.4998207,-93.3458939,-0.594,-0.578,
170,39.4998245,-93.3458786,-0.665,-0.639,
172.5,39.4998207,-93.3458633,-0.581,-0.556,
175,39.4998207,-93.3458633,-0.667,-0.633,
177.5,39.4998131,-93.3458328,-0.718,-0.693,4' 6'
180,39.4998093,-93.3458252,-0.725,-0.7,
182.5,39.4998054,-93.3458099,-0.738,-0.711,
185,39.4998093,-93.3457947,-0.753,-0.695,
187.5,39.4998054,-93.3457794,-0.744,-0.732,
190,39.4998054,-93.3457718,-0.656,-0.64,
192.5,39.4998016,-93.3457565,-0.62,-0.589,
195,39.4998016,-93.3457642,-0.573,-0.556,
197.5,39.4998016,-93.3457413,-0.623,-0.599,
200,39.4998054,-93.3457184,-0.569,-0.531,
202.5,39.4998054,-93.3457108,-0.586,-0.522,
205,39.4998054,-93.3456955,-0.569,-0.546,
207.5,39.4997978,-93.3456802,-0.393,-0.375,
210,39.4998016,-93.345665,-0.38,-0.336,
212.5,39.499794,-93.3456497,-0.37,-0.358,
215,39.499794,-93.3456268,-0.446,-0.409,
217.5,39.4997864,-93.3456116,-0.461,-0.441,
220,39.4997864,-93.3456039,-0.454,-0.436,
222.5,39.4997826,-93.3455811,-0.446,-0.43,
225,39.4997826,-93.3455658,-0.442,-0.41,
227.5,39.4997788,-93.3455505,-0.392,-0.383,
230,39.4997749,-93.34552,-0.354,-0.317,
232.5,39.4997635,-93.3454285,-0.379,-0.355,
235,39.4997711,-93.3454361,-0.381,-0.387,
237.5,39.4997673,-93.3454208,-0.43,-0.377,
240,39.4997635,-93.3454132,-0.306,-0.291,
242.5,39.4997635,-93.3454056,-0.316,-0.299,
245,39.4997559,-93.3453903,-0.408,-0.359,
247.5,39.4997559,-93.3453751,-0.35,-0.342,
250,39.499752,-93.3453598,-0.404,-0.394,
252.5,39.499752,-93.3453598,-0.437,-0.413,
255,39.499752,-93.3453445,-0.416,-0.3,
257.5,39.4997482,-93.3453293,-0.413,-0.4,
260,39.4997444,-93.345314,-0.367,-0.364,
262.5,39.4997482,-93.3452988,-0.395,-0.387,
265,39.4997482,-93.3452759,-0.436,-0.422,
267.5,39.4997406,-93.3452606,-0.394,-0.36,
270,39.4997406,-93.3452377,-0.412,-0.38,
272.5,39.4997444,-93.3452377,-0.459,-0.442,
275,39.499733,-93.3452148,-0.478,-0.463,
277.5,39.4997368,-93.3451996,-0.472,-0.448,
280,39.4997292,-93.345192,-0.419,-0.409,
282.5,39.4997292,-93.3451691,-0.464,-0.437,
285,39.4997253,-93.3451538,-0.529,-0.482,
287.5,39.4997215,-93.3451386,-0.511,-0.492,
290,39.4997253,-93.3451233,-0.575,-0.528,
292.5,39.4997253,-93.345108,-0.51,-0.489,
295,39.4997177,-93.3450851,-0.489,-0.314,
297.5,39.4997177,-93.3450851,-0.523,-0.309,
300,39.4997063,-93.3450546,-0.543,-0.527,
302.5,39.4997101,-93.345047,-0.537,-0.523,
305,39.4997063,-93.3450317,-0.537,-0.521,
307.5,39.4997063,-93.3450165,-0.524,-0.506,
310,39.4997024,-93.3449936,-0.506,-0.488,
312.5,39.4996986,-93.3449783,-0.511,-0.479,
315,39.4996948,-93.3449631,-0.458,-0.433,
317.5,39.4996948,-93.3449554,-0.408,-0.404,
320,39.4996948,-93.3449402,-0.403,-0.388,
322.5,39.4996948,-93.3449326,-0.351,-0.34,
325,39.4996872,-93.3449173,-0.346,-0.325,
327.5,39.4996834,-93.3448944,-0.255,-0.242,
330,39.4996681,-93.3448639,-0.248,-0.243,
332.5,39.4996719,-93.3448563,-0.251,-0.245,
335,39.4996719,-93.3448486,-0.303,-0.296,
337.5,39.4996758,-93.3448334,-0.3,-0.29,
340,39.4996719,-93.3448181,-0.335,-0.332,
342.5,39.4996758,-93.3448105,-0.254,-0.247,
345,39.4996681,-93.3447952,-0.294,-0.276,
347.5,39.4996681,-93.34478,-0.269,-0.242,
350,39.4996681,-93.3447571,-0.269,-0.265,
352.5,39.4996605,-93.3447342,-0.347,-0.343,
355,39.4996643,-93.3447189,-0.344,-0.343,
357.5,39.4996681,-93.3447113,-0.32,-0.319,
360,39.4996643,-93.3446732,-0.337,-0.351,
362.5,39.4996643,-93.3446655,-0.347,-0.349,
365,39.4996605,-93.3446503,-0.332,-0.341,
367.5,39.4996529,-93.344635,-0.335,-0.343,
370,39.499649,-93.3446274,-0.35,-0.345,
372.5,39.4996452,-93.3446121,-0.294,-0.283,
375,39.4996414,-93.3445969,-0.287,-0.288,
377.5,39.4996376,-93.3445816,-0.228,-0.233,
380,39.4996338,-93.3445511,-0.248,-0.247,
382.5,39.49963,-93.3445358,-0.246,-0.248,
385,39.49963,-93.3445129,-0.247,-0.262,
387.5,39.4996262,-93.3445053,-0.224,-0.24,
390,39.4996262,-93.3444977,-0.297,-0.249,
392.5,39.4996262,-93.3444824,-0.209,-0.211,
395,39.4996262,-93.3444672,-0.217,-0.22,
397.5,39.4996262,-93.3444519,-0.208,-0.203,
400,39.4996223,-93.344429,-0.205,-0.213,
402.5,39.4996223,-93.3444214,-0.208,-0.221,
405,39.4996185,-93.3443909,-0.231,-0.223,
407.5,39.4996147,-93.3443756,-0.19,-0.194,
410,39.4996109,-93.3443604,-0.221,-0.241,
412.5,39.4996109,-93.3443451,-0.217,-0.211,
415,39.4996071,-93.3443146,-0.201,-0.199,
417.5,39.4996071,-93.344307,-0.212,-0.22,
420,39.4996033,-93.3442993,-0.254,-0.243,
422.5,39.4995995,-93.3442841,-0.174,-0.177,
425,39.4995956,-93.3442764,-0.169,-0.18,
427.5,39.499588,-93.3442535,-0.232,-0.263,
430,39.499588,-93.3442383,-0.199,-0.185,
432.5,39.4995842,-93.3442078,-0.188,-0.188,
435,39.4995842,-93.3442001,-0.151,-0.16,
437.5,39.4995842,-93.3441925,-0.222,-0.195,
440,39.4995804,-93.3441696,-0.241,-0.291,
442.5,39.4995728,-93.3441544,-0.153,-0.162,
445,39.4995766,-93.3441467,-0.192,-0.187,
447.5,39.4995766,-93.3441391,-0.206,-0.202,
450,39.4995766,-93.3441238,-0.224,-0.226,
452.5,39.4995689,-93.3441086,-0.214,-0.214,
455,39.4995651,-93.3441086,-0.218,-0.274,
457.5,39.4995689,-93.3440933,-0.263,-0.232,
460,39.4995689,-93.3440857,-0.282,-0.285,
462.5,39.4995651,-93.3440781,-0.287,-0.282,
465,39.4995651,-93.3440476,-0.276,-0.259,
467.5,39.4995651,-93.3440399,-0.256,-0.26,
470,39.4995651,-93.3440247,-0.278,-0.281,
472.5,39.4995651,-93.344017,-0.31,-0.205,
475,39.4995651,-93.3440094,-0.257,-0.27,
477.5,39.4995613,-93.3439941,-0.252,-0.243,
480,39.4995575,-93.3439789,-0.256,-0.205,
482.5,39.4995575,-93.3439636,-0.276,-0.235,
485,39.4995537,-93.3439484,-0.234,-0.214,
487.5,39.4995537,-93.3439331,-0.228,-0.239,
490,39.4995499,-93.3439178,-0.232,-0.215,
492.5,39.4995499,-93.3439026,-0.22,-0.216,
495,39.4995499,-93.3438873,-0.244,-0.215,
497.5,39.4995499,-93.3438797,-0.27,-0.254,
500,39.499546,-93.3438644,-0.278,-0.264,
502.5,39.4995422,-93.3438492,-0.281,-0.283,
505,39.4995384,-93.3438339,-0.299,-0.265,
507.5,39.4995384,-93.343811,-0.259,-0.24,
510,39.4995384,-93.3437958,-0.298,-0.269,
512.5,39.4995384,-93.3437805,-0.24,-0.228,
515,39.4995308,-93.3437653,-0.23,-0.216,
517.5,39.499527,-93.3437576,-0.273,-0.262,
520,39.499527,-93.3437347,-0.246,-0.241,
522.5,39.4995232,-93.3437118,-0.231,-0.222,
525,39.4995194,-93.3436966,-0.237,-0.232,
527.5,39.4995155,-93.343689,-0.236,-0.229,
530,39.4995117,-93.3436737,-0.211,-0.21,
532.5,39.4995079,-93.3436661,-0.256,-0.251,
535,39.4995003,-93.3436508,-0.278,-0.244,
537.5,39.4995041,-93.3436432,-0.268,-0.266,
540,39.4995041,-93.3436203,-0.253,-0.249,
542.5,39.4995003,-93.3436127,-0.24,-0.221,
545,39.4995003,-93.343605,-0.221,-0.22,
547.5,39.4995003,-93.3435898,-0.233,-0.234,
550,39.4994926,-93.3435669,-0.302,-0.259,
552.5,39.4994965,-93.3435593,-0.35,-0.325,
555,39.4994965,-93.3435516,-0.341,-0.367,
557.5,39.4994965,-93.3435364,-0.363,-0.352,
560,39.4994926,-93.3435288,-0.377,-0.35,
562.5,39.4994926,-93.3435059,-0.461,-0.385,
565,39.4994926,-93.3434906,-0.353,-0.329,
567.5,39.4994926,-93.343483,-0.321,-0.311,
570,39.4994888,-93.3434677,-0.425,-0.417,
572.5,39.499485,-93.3434448,-0.373,-0.356,
575,39.4994812,-93.3434296,-0.422,-0.385,
577.5,39.4994812,-93.3434219,-0.384,-0.376,
580,39.4994812,-93.3434067,-0.34,-0.328,
582.5,39.4994736,-93.343399,-0.4,-0.379,
585,39.4994698,-93.3433914,-0.36,-0.339,
587.5,39.4994698,-93.3433685,-0.357,-0.34,
590,39.4994698,-93.3433609,-0.353,-0.344,
592.5,39.4994659,-93.343338,-0.338,-0.316,
595,39.4994659,-93.3433304,-0.368,-0.35,
597.5,39.4994621,-93.3433228,-0.371,-0.346,
600,39.4994621,-93.3433075,-0.354,-0.338,
602.5,39.4994583,-93.3432999,-0.362,-0.348,
605,39.4994583,-93.3432846,-0.383,-0.353,
607.5,39.4994621,-93.343277,-0.408,-0.397,
610,39.4994583,-93.3432617,-0.393,-0.38,
612.5,39.4994545,-93.3432388,-0.385,-0.339,
615,39.4994507,-93.3432159,-0.381,-0.363,
617.5,39.4994469,-93.3432007,-0.375,-0.359,
620,39.4994431,-93.3431854,-0.366,-0.363,
622.5,39.4994431,-93.3431702,-0.369,-0.349,
625,39.4994431,-93.3431549,-0.374,-0.353,
627.5,39.4994392,-93.3431473,-0.356,-0.345,
630,39.4994431,-93.3431244,-0.387,-0.37,
632.5,39.4994392,-93.3431091,-0.362,-0.352,
635,39.4994392,-93.3431091,-0.377,-0.358,
637.5,39.4994354,-93.3430939,-0.388,-0.38,
640,39.4994316,-93.3430786,-0.37,-0.353,
642.5,39.4994316,-93.343071,-0.374,-0.366,
645,39.4994278,-93.3430481,-0.309,-0.301,
647.5,39.4994278,-93.3430405,-0.328,-0.328,
650,39.4994278,-93.3430252,-0.324,-0.322,
652.5,39.499424,-93.34301,-0.344,-0.342,
655,39.499424,-93.3429947,-0.354,-0.351,
657.5,39.499424,-93.3429871,-0.364,-0.347,
660,39.4994202,-93.3429642,-0.326,-0.317,
662.5,39.4994202,-93.3429489,-0.364,-0.344,
665,39.4994164,-93.3429184,-0.342,-0.306,
667.5,39.4994164,-93.3429108,-0.327,-0.325,
670,39.4994125,-93.3428955,-0.35,-0.331,
672.5,39.4994087,-93.3428879,-0.335,-0.333,
675,39.4994087,-93.3428726,-0.351,-0.343,
677.5,39.4994087,-93.342865,-0.354,-0.344,
680,39.4994049,-93.3428574,-0.353,-0.341,
682.5,39.4994049,-93.3428421,-0.346,-0.341,
685,39.4994049,-93.3428268,-0.35,-0.345,
687.5,39.4994011,-93.3428116,-0.361,-0.35,
690,39.4993935,-93.3427963,-0.381,-0.362,
692.5,39.4993935,-93.3427887,-0.356,-0.353,
695,39.4993896,-93.3427658,-0.416,-0.374,
697.5,39.4993935,-93.3427582,-0.356,-0.339,
700,39.4993935,-93.3427429,-0.365,-0.351,
702.5,39.4993896,-93.3427353,-0.345,-0.344,
705,39.4993896,-93.34272,-0.353,-0.343,
707.5,39.4993858,-93.3427124,-0.356,-0.342,
710,39.499382,-93.3426971,-0.387,-0.358,
712.5,39.4993858,-93.3426819,-0.361,-0.347,
715,39.4993858,-93.3426666,-0.371,-0.352,
717.5,39.499382,-93.342659,-0.379,-0.366,
720,39.4993782,-93.3426437,-0.36,-0.351,
722.5,39.4993744,-93.3426361,-0.366,-0.339,
725,39.4993706,-93.3426132,-0.371,-0.352,
727.5,39.4993706,-93.3426056,-0.38,-0.372,
730,39.4993668,-93.3425903,-0.39,-0.363,
732.5,39.4993668,-93.3425751,-0.369,-0.359,
735,39.499363,-93.3425598,-0.367,-0.349,
737.5,39.499363,-93.3425522,-0.369,-0.353,
740,39.499363,-93.3425369,-0.398,-0.367,
742.5,39.4993668,-93.3425293,-0.39,-0.366,
745,39.499363,-93.342514,-0.429,-0.371,
747.5,39.4993591,-93.3425064,-0.375,-0.36,
750,39.4993553,-93.3424912,-0.388,-0.371,
752.5,39.4993553,-93.3424835,-0.372,-0.357,
755,39.4993477,-93.3424683,-0.358,-0.345,
757.5,39.4993477,-93.342453,-0.37,-0.35,
760,39.4993439,-93.3424377,-0.356,-0.345,
762.5,39.4993401,-93.3424301,-0.363,-0.338,
765,39.4993362,-93.3424225,-0.37,-0.346,
767.5,39.4993401,-93.3424149,-0.367,-0.357,
770,39.4993401,-93.3424072,-0.504,-0.479,
772.5,39.4993401,-93.342392,-0.46,-0.448,
775,39.4993362,-93.3423767,-0.481,-0.472,
777.5,39.4993324,-93.3423691,-0.486,-0.478,
780,39.4993324,-93.3423614,-0.495,-0.485,
782.5,39.4993286,-93.3423462,-0.483,-0.473,
785,39.4993248,-93.3423233,-0.492,-0.484,
787.5,39.499321,-93.342308,-0.501,-0.487,
790,39.4993172,-93.3423004,-0.473,-0.465,
792.5,39.4993134,-93.3422852,-0.507,-0.498,
795,39.4993095,-93.3422699,-0.487,-0.453,
797.5,39.4993095,-93.3422623,-0.492,-0.479,
800,39.4993095,-93.3422546,-0.484,-0.468,
802.5,39.4993095,-93.3422318,-0.395,-0.391,
805,39.4993095,-93.3422165,-0.519,-0.499,
807.5,39.4993095,-93.3422089,-0.479,-0.471,
810,39.4993134,-93.3422012,-0.495,-0.486,
812.5,39.4993134,-93.342186,-0.511,-0.486,
815,39.4993095,-93.3421707,-0.503,-0.493,
817.5,39.4993057,-93.3421555,-0.551,-0.538,
820,39.4992943,-93.3421478,-0.53,-0.51,
822.5,39.4992981,-93.3421402,-0.498,-0.481,
825,39.4992981,-93.3421173,-0.47,-0.447,
827.5,39.4993019,-93.342102,-0.483,-0.473,
830,39.4992981,-93.3420944,-0.458,-0.439,
832.5,39.4992981,-93.3420792,-0.495,-0.476,
835,39.4992943,-93.3420639,-0.47,-0.452,
837.5,39.4992905,-93.342041,-0.484,-0.462,
840,39.4992866,-93.3420258,-0.484,-0.467,
842.5,39.4992866,-93.3420181,-0.488,-0.473,
845,39.499279,-93.3419952,-0.465,-0.463,
847.5,39.499279,-93.3419952,-0.505,-0.49,
850,39.499279,-93.3419876,-0.512,-0.478,
852.5,39.499279,-93.3419724,-0.56,-0.552,
855,39.4992752,-93.3419571,-0.525,-0.506,
857.5,39.4992714,-93.3419418,-0.5,-0.473,
860,39.4992714,-93.3419266,-0.516,-0.507,
862.5,39.4992676,-93.3419189,-0.526,-0.482,
865,39.4992638,-93.3419113,-0.505,-0.476,
867.5,39.49926,-93.3418961,-0.496,-0.478,
870,39.4992561,-93.3418808,-0.527,-0.487,
872.5,39.4992561,-93.3418732,-0.546,-0.506,
875,39.4992561,-93.3418579,-0.568,-0.496,
877.5,39.4992523,-93.3418426,-0.497,-0.478,
880,39.4992523,-93.341835,-0.496,-0.484,
882.5,39.4992485,-93.3418121,-0.5,-0.483,
885,39.4992485,-93.3418045,-0.521,-0.505,
887.5,39.4992485,-93.3417816,-0.498,-0.48,4' 8'
890,39.4992485,-93.3417587,-0.465,-0.439,
892.5,39.4992485,-93.3417435,-0.483,-0.471,
895,39.4992447,-93.3417358,-0.479,-0.473,
897.5,39.4992447,-93.3417358,-0.485,-0.479,
900,39.4992409,-93.3417282,-0.485,-0.467,
902.5,39.4992409,-93.341713,-0.502,-0.491,
905,39.4992371,-93.3416977,-0.51,-0.489,
907.5,39.4992409,-93.3416824,-0.538,-0.452,
910,39.4992409,-93.3416748,-0.526,-0.482,
912.5,39.4992371,-93.3416672,-0.513,-0.489,
915,39.4992371,-93.3416519,-0.489,-0.479,
917.5,39.4992371,-93.3416367,-0.507,-0.479,
920,39.4992371,-93.3416214,-0.539,-0.538,
922.5,39.4992294,-93.3416061,-0.5,-0.477,
925,39.4992256,-93.3415985,-0.506,-0.503,
927.5,39.4992256,-93.3415909,-0.511,-0.475,
930,39.499218,-93.3415756,-0.524,-0.506,
932.5,39.499218,-93.3415604,-0.513,-0.491,
935,39.499218,-93.3415527,-0.563,-0.534,
937.5,39.4992142,-93.3415298,-0.485,-0.442,
940,39.4992142,-93.3415222,-0.517,-0.425,
942.5,39.499218,-93.3415146,-0.55,-0.537,
945,39.4992104,-93.3414917,-0.508,-0.49,
947.5,39.4992104,-93.3414841,-0.536,-0.505,
950,39.4992065,-93.3414764,-0.552,-0.518,
952.5,39.4992065,-93.3414536,-0.533,-0.491,
955,39.4992065,-93.3414383,-0.53,-0.505,
957.5,39.4992027,-93.341423,-0.516,-0.501,
960,39.4991913,-93.3414002,-0.546,-0.526,
962.5,39.4991951,-93.3413925,-0.541,-0.504,
965,39.4991951,-93.3413773,-0.58,-0.527,
967.5,39.4991989,-93.3413696,-0.541,-0.533,
970,39.4991989,-93.3413544,-0.552,-0.542,
972.5,39.4991913,-93.3413544,-0.543,-0.519,
975,39.4991913,-93.3413391,-0.539,-0.513,
977.5,39.4991913,-93.3413238,-0.564,-0.529,
980,39.4991875,-93.3413162,-0.535,-0.522,
982.5,39.4991875,-93.3412933,-0.537,-0.533,
985,39.4991875,-93.3412857,-0.534,-0.526,
987.5,39.4991836,-93.3412704,-0.531,-0.511,
990,39.4991798,-93.3412552,-0.55,-0.529,
992.5,39.4991722,-93.3412247,-0.597,-0.552,
995,39.4991684,-93.341217,-0.565,-0.536,
997.5,39.4991646,-93.3412094,-0.536,-0.511,
1000,39.4991608,-93.3412018,-0.534,-0.513,
1002.5,39.4991608,-93.3411942,-0.54,-0.52,
1005,39.4991608,-93.3411713,-0.549,-0.538,
1007.5,39.4991531,-93.3411713,-0.544,-0.523,
1010,39.4991531,-93.341156,-0.532,-0.519,
1012.5,39.499157,-93.3411484,-0.543,-0.524,
1015,39.4991531,-93.3411331,-0.544,-0.523,
1017.5,39.499157,-93.3411255,-0.545,-0.524,
1020,39.4991608,-93.3411102,-0.537,-0.521,
1022.5,39.499157,-93.341095,-0.536,-0.521,
1025,39.499157,-93.3410721,-0.541,-0.525,
1027.5,39.4991493,-93.3410568,-0.541,-0.519,
1030,39.4991493,-93.3410492,-0.54,-0.523,
1032.5,39.4991417,-93.3410339,-0.564,-0.533,
1035,39.4991379,-93.3410263,-0.559,-0.53,
1037.5,39.4991341,-93.3410187,-0.539,-0.527,
1040,39.4991341,-93.3409958,-0.551,-0.529,
1042.5,39.4991302,-93.3409805,-0.547,-0.535,
1045,39.4991341,-93.3409653,-0.55,-0.527,
1047.5,39.4991379,-93.3409576,-0.562,-0.54,
1050,39.4991417,-93.3409424,-0.564,-0.541,
1052.5,39.4991379,-93.3409424,-0.573,-0.548,
1055,39.4991379,-93.3409271,-0.577,-0.553,
1057.5,39.4991302,-93.3409119,-0.555,-0.53,
1060,39.4991264,-93.340889,-0.552,-0.532,
1062.5,39.4991226,-93.3408814,-0.555,-0.541,
1065,39.4991226,-93.3408661,-0.563,-0.539,
1067.5,39.4991188,-93.3408508,-0.576,-0.554,
1070,39.499115,-93.3408356,-0.556,-0.534,
1072.5,39.4991112,-93.3408203,-0.564,-0.539,
1075,39.4991074,-93.340805,-0.565,-0.546,
1077.5,39.4991074,-93.3407822,-0.574,-0.55,
1080,39.4991036,-93.3407745,-0.567,-0.54,
1082.5,39.4991036,-93.3407669,-0.556,-0.544,
1085,39.4990959,-93.3407516,-0.56,-0.539,
1087.5,39.4990959,-93.340744,-0.558,-0.536,
1090,39.4990959,-93.3407288,-0.566,-0.539,
1092.5,39.4990959,-93.3407135,-0.559,-0.54,
1095,39.4990921,-93.3407059,-0.544,-0.536,
1097.5,39.4990921,-93.340683,-0.55,-0.528,
1100,39.4990883,-93.3406677,-0.566,-0.536,
1102.5,39.4990883,-93.3406601,-0.552,-0.524,
1105,39.4990883,-93.3406448,-0.559,-0.532,
1107.5,39.4990845,-93.3406372,-0.579,-0.547,
1110,39.4990845,-93.3406143,-0.56,-0.543,
1112.5,39.4990845,-93.3406067,-0.556,-0.543,
1115,39.4990845,-93.3405991,-0.557,-0.52,
1117.5,39.4990883,-93.3405838,-0.563,-0.534,
1120,39.4990807,-93.3405685,-0.562,-0.541,
1122.5,39.4990768,-93.3405533,-0.56,-0.546,
1125,39.4990768,-93.340538,-0.567,-0.549,
1127.5,39.499073,-93.340538,-0.566,-0.559,
1130,39.499073,-93.3405228,-0.56,-0.542,
1132.5,39.4990692,-93.3405228,-0.536,-0.512,
1135,39.4990692,-93.3404922,-0.564,-0.542,
1137.5,39.4990654,-93.3404846,-0.532,-0.525,
1140,39.4990616,-93.3404694,-0.545,-0.516,
1142.5,39.4990578,-93.3404617,-0.545,-0.523,
1145,39.499054,-93.3404465,-0.599,-0.587,
1147.5,39.4990463,-93.3404388,-0.661,-0.628,
1150,39.4990578,-93.3404465,-0.651,-0.624,
1152.5,39.4990616,-93.3404236,-0.644,-0.634,
1155,39.4990616,-93.3404083,-0.679,-0.653,
1157.5,39.4990578,-93.3403931,-0.68,-0.655,
1160,39.499054,-93.3403778,-0.686,-0.652,
1162.5,39.4990501,-93.3403854,-0.683,-0.656,
1165,39.4990463,-93.3403397,-0.681,-0.645,heavy brush
1167.5,39.4990501,-93.3403168,-0.639,-0.639,off st 10'
1170,39.4990578,-93.3403091,-0.557,-0.532,
1172.5,39.4990768,-93.3403015,-0.528,-0.511,
1175,39.499073,-93.3402939,-0.642,-0.595,
1177.5,39.4990616,-93.3402786,-0.658,-0.637,
1180,39.499054,-93.340271,-0.65,-0.627,
1182.5,39.4990463,-93.3402405,-0.625,-0.62,
1185,39.4990234,-93.3402023,-0.635,-0.559,end offset
1187.5,39.4990272,-93.3401871,-0.659,-0.61,exposed pipe edge of river
1190,39.4990387,-93.3399963,-0.571,-0.553,skip to pass river off set 40' end exposed pipe
1192.5,39.4990463,-93.3399887,-0.575,-0.581,
1195,39.499054,-93.3399887,-0.565,-0.552,
1197.5,39.4990616,-93.3399811,-0.557,-0.542,
1200,39.4990387,-93.3399506,-0.562,-0.54,inside forest 60' offset
1202.5,39.4990387,-93.3399506,-0.603,-0.58,
1205,39.4990349,-93.3399506,-0.582,-0.57,
1207.5,39.4990463,-93.33992,-0.584,-0.58,
1210,39.4990501,-93.3399124,-0.633,-0.549,
1212.5,39.499054,-93.3398972,-0.562,-0.544,
1215,39.4990616,-93.3398895,-0.579,-0.551,
1217.5,39.4990616,-93.339859,-0.563,-0.547,
1220,39.499054,-93.3398438,-0.56,-0.545,
1222.5,39.4990349,-93.3398209,-0.559,-0.546,
1225,39.4990234,-93.3398132,-0.569,-0.542,
1227.5,39.4990158,-93.339798,-0.583,-0.559,
1230,39.4990082,-93.3397903,-0.597,-0.529,
1232.5,39.4990158,-93.3397827,-0.567,-0.539,
1235,39.4989929,-93.3397675,-0.58,-0.564,
1237.5,39.4989319,-93.3397903,-0.56,-0.544,PM end offset
1240,39.4989243,-93.3397751,-0.57,-0.567,
1242.5,39.4989281,-93.3397751,-0.62,-0.58,
1245,39.4989281,-93.3397675,-0.557,-0.522,
1247.5,39.4989243,-93.3397675,-0.605,-0.555,
1250,39.4989204,-93.3397369,-0.643,-0.578,
1252.5,39.4989281,-93.3397217,-0.547,-0.539,
1255,39.4989281,-93.3396988,-0.543,-0.543,
1257.5,39.4989281,-93.3396835,-0.518,-0.518,
1260,39.4989319,-93.3396683,-0.543,-0.539,
1262.5,39.4989281,-93.3396606,-0.534,-0.524,
1265,39.4989204,-93.3396454,-0.529,-0.509,
1267.5,39.4989204,-93.3396378,-0.586,-0.524,
1270,39.4989204,-93.3396225,-0.549,-0.534,
1272.5,39.4989128,-93.3396149,-0.555,-0.532,
1275,39.4989052,-93.3395844,-0.559,-0.543,
1277.5,39.4989128,-93.3395844,-0.558,-0.533,
1280,39.4989166,-93.3395615,-0.555,-0.535,
1282.5,39.4989128,-93.3395538,-0.697,-0.649,
1285,39.4989128,-93.3395462,-0.536,-0.508,3' 9'
1287.5,39.4989128,-93.3395386,-0.522,-0.511,
1290,39.4989166,-93.3395233,-0.548,-0.524,
1292.5,39.4989014,-93.3394928,-0.555,-0.537,
1295,39.4989052,-93.3394699,-0.509,-0.493,hb offset 10'
1297.5,39.4989014,-93.3394699,-0.531,-0.519,
1300,39.4989052,-93.3394623,-0.54,-0.527,
1302.5,39.4989052,-93.3394546,-0.532,-0.518,
1305,39.4988937,-93.3394318,-0.543,-0.541,
1307.5,39.4989014,-93.3394241,-0.541,-0.544,
1310,39.4989052,-93.3394165,-0.547,-0.544,
1312.5,39.4989128,-93.3394089,-0.534,-0.524,
1315,39.498909,-93.3394012,-0.537,-0.535,
1317.5,39.498909,-93.3393936,-0.588,-0.553,
1320,39.4988976,-93.339386,-0.54,-0.531,end offset
1322.5,39.4988976,-93.3393784,-0.537,-0.53,
1325,39.4988899,-93.3393478,-0.542,-0.525,
1327.5,39.4988899,-93.3393478,-0.539,-0.517,
1330,39.4988861,-93.3393326,-0.54,-0.527,
1332.5,39.4988861,-93.3393173,-0.557,-0.538,
1335,39.4988785,-93.3393097,-0.55,-0.551,
1337.5,39.4988823,-93.3392868,-0.537,-0.551,
1340,39.4988785,-93.3392792,-0.562,-0.528,
1342.5,39.4988747,-93.3392716,-0.554,-0.528,
1345,39.4988747,-93.3392487,-0.586,-0.532,
1347.5,39.4988785,-93.3392334,-0.53,-0.516,
1350,39.4988747,-93.3392334,-0.552,-0.523,
1352.5,39.4988708,-93.3392105,-0.547,-0.518,
1355,39.498867,-93.3392029,-0.547,-0.527,
1357.5,39.4988708,-93.3391876,-0.551,-0.534,
1360,39.4988632,-93.3391724,-0.548,-0.513,
1362.5,39.498867,-93.3391724,-0.534,-0.529,
1365,39.498867,-93.3391647,-0.559,-0.55,
1367.5,39.4988632,-93.3391495,-0.513,-0.494,
1370,39.4988556,-93.3391418,-0.511,-0.499,
1372.5,39.4988518,-93.3391113,-0.545,-0.506,
1375,39.4988441,-93.3390961,-0.5,-0.491,
1377.5,39.4988441,-93.3390884,-0.511,-0.494,
1380,39.4988403,-93.3390808,-0.536,-0.5,
1382.5,39.4988403,-93.3390579,-0.483,-0.475,
1385,39.4988289,-93.3390579,-0.49,-0.485,
1387.5,39.4988251,-93.339035,-0.476,-0.423,
1390,39.4988251,-93.3390122,-0.483,-0.476,
1392.5,39.4988289,-93.3390045,-0.501,-0.484,
1395,39.4988327,-93.3389969,-0.489,-0.475,
1397.5,39.4988327,-93.3389816,-0.488,-0.484,
1400,39.4988251,-93.3389664,-0.524,-0.505,
1402.5,39.4988251,-93.3389435,-0.508,-0.498,
1405,39.4988251,-93.3389282,-0.525,-0.509,
1407.5,39.4988174,-93.338913,-0.512,-0.502,
1410,39.4988213,-93.3388977,-0.507,-0.506,
1412.5,39.4988174,-93.3388824,-0.498,-0.494,
1415,39.4988174,-93.3388748,-0.5,-0.486,
1417.5,39.4988174,-93.3388519,-0.515,-0.495,
1420,39.4988098,-93.3388443,-0.503,-0.486,
1422.5,39.498806,-93.338829,-0.523,-0.495,
1425,39.4988022,-93.3388214,-0.508,-0.478,
1427.5,39.4988022,-93.3388062,-0.474,-0.464,
1430,39.4988098,-93.3387909,-0.491,-0.471,
1432.5,39.498806,-93.3387833,-0.529,-0.414,
1435,39.498806,-93.3387756,-0.473,-0.459,
1437.5,39.498806,-93.3387604,-0.488,-0.479,
1440,39.4988022,-93.3387451,-0.446,-0.435,
1442.5,39.4988022,-93.3387299,-0.465,-0.438,
1445,39.4988022,-93.3387146,-0.454,-0.44,
1447.5,39.4987984,-93.3386993,-0.477,-0.48,
1450,39.4987946,-93.3386841,-0.475,-0.474,
1452.5,39.4987831,-93.3386536,-0.499,-0.47,
1455,39.4987869,-93.3386536,-0.517,-0.478,
1457.5,39.4987869,-93.3386459,-0.502,-0.484,
1460,39.4987793,-93.3386307,-0.481,-0.466,
1462.5,39.4987793,-93.3386154,-0.478,-0.46,
1465,39.4987793,-93.3386078,-0.514,-0.484,
1467.5,39.4987793,-93.3386002,-0.512,-0.504,
1470,39.4987869,-93.3385773,-0.493,-0.459,
1472.5,39.4987869,-93.3385544,-0.507,-0.487,
1475,39.4987793,-93.3385391,-0.452,-0.441,
1477.5,39.4987793,-93.3385315,-0.487,-0.481,
1480,39.4987831,-93.3385239,-0.513,-0.493,
1482.5,39.4987831,-93.338501,-0.454,-0.42,
1485,39.4987793,-93.3384857,-0.485,-0.476,
1487.5,39.4987793,-93.3384705,-0.475,-0.415,
1490,39.4987717,-93.3384552,-0.464,-0.453,
1492.5,39.4987678,-93.3384476,-0.504,-0.491,
1495,39.4987678,-93.3384247,-0.464,-0.454,
1497.5,39.4987678,-93.338417,-0.471,-0.456,
1500,39.4987602,-93.3384018,-0.467,-0.455,
1502.5,39.4987526,-93.3383865,-0.47,-0.45,
1505,39.4987526,-93.3383713,-0.45,-0.436,
1507.5,39.4987564,-93.3383636,-0.485,-0.458,
1510,39.4987564,-93.3383408,-0.461,-0.44,
1512.5,39.4987526,-93.3383331,-0.499,-0.489,
1515,39.4987526,-93.3383102,-0.463,-0.45,
1517.5,39.4987564,-93.3383026,-0.484,-0.466,
1520,39.4987488,-93.3382721,-0.534,-0.475,
1522.5,39.4987412,-93.3382645,-0.475,-0.452,
1525,39.4987488,-93.3381424,-0.484,-0.466,
1527.5,39.4987564,-93.3381195,-0.526,-0.5,
1530,39.4987488,-93.3381119,-0.552,-0.534,
1532.5,39.4987488,-93.3380966,-0.558,-0.525,
1535,39.4987488,-93.3380737,-0.518,-0.509,
1537.5,39.4987526,-93.3380356,-0.524,-0.514,
1540,39.4987488,-93.3380051,-0.536,-0.526,
1542.5,39.498745,-93.3379746,-0.568,-0.519,
1545,39.4987373,-93.3379517,-0.53,-0.513,
1547.5,39.4987297,-93.3379211,-0.532,-0.518,
1550,39.4987297,-93.3378906,-0.502,-0.503,
1552.5,39.4987259,-93.3378754,-0.526,-0.524,
1555,39.4987221,-93.3378601,-0.533,-0.508,
1557.5,39.4987144,-93.3378448,-0.538,-0.527,4'
1560,39.498703,-93.337822,-0.551,-0.533,
1562.5,39.4986954,-93.3377991,-0.534,-0.508,
1565,39.4986992,-93.3377686,-0.538,-0.508,
1567.5,39.4987068,-93.337738,-0.54,-0.525,
1570,39.498703,-93.3377075,-0.535,-0.542,
1572.5,39.4986992,-93.337677,-0.535,-0.522,
1575,39.4986916,-93.3376541,-0.574,-0.556,
1577.5,39.4986763,-93.3376312,-0.553,-0.53,
1580,39.498661,-93.3375931,-0.545,-0.528,
1582.5,39.4986496,-93.3375473,-0.546,-0.53,
1585,39.4986496,-93.3375168,-0.538,-0.53,
1587.5,39.498642,-93.3374863,-0.546,-0.532,
1590,39.4986382,-93.3374481,-0.541,-0.527,
1592.5,39.498642,-93.3374176,-0.513,-0.501,
1595,39.4986496,-93.3373718,-0.514,-0.507,
1597.5,39.4986458,-93.3373337,-0.534,-0.521,
1600,39.4986572,-93.3373108,-0.547,-0.522,
1602.5,39.4986534,-93.3372574,-0.52,-0.51,
1605,39.498642,-93.337204,-0.501,-0.495,
1607.5,39.4986343,-93.3371735,-0.505,-0.498,
1610,39.4986305,-93.3371582,-0.511,-0.497,
1612.5,39.4986305,-93.3371353,-0.514,-0.493,
1615,39.4986343,-93.3371048,-0.494,-0.495,
1617.5,39.4986305,-93.3370743,-0.503,-0.484,
1620,39.4986114,-93.3370361,-0.505,-0.473,
1622.5,39.4985962,-93.336998,-0.504,-0.485,
1625,39.4985886,-93.3369446,-0.53,-0.511,
1627.5,39.4985809,-93.3369141,-0.507,-0.482,
1630,39.4985809,-93.3368835,-0.539,-0.51,
1632.5,39.4985809,-93.3368454,-0.489,-0.48,
1635,39.4985771,-93.3368301,-0.513,-0.497,
1637.5,39.4985733,-93.3368073,-0.535,-0.519,
1640,39.4985657,-93.3367538,-0.533,-0.512,
1642.5,39.4985619,-93.3367615,-0.516,-0.482,
1645,39.498558,-93.336731,-0.521,-0.516,
1647.5,39.4985542,-93.3367081,-0.541,-0.534,
1650,39.4985466,-93.3366699,-0.502,-0.493,
1652.5,39.498539,-93.3366165,-0.508,-0.492,
1655,39.4985352,-93.3366013,-0.515,-0.488,
1657.5,39.4985237,-93.3365784,-0.464,-0.458,
1660,39.4985161,-93.3365555,-0.464,-0.474,
1662.5,39.4985237,-93.3365478,-0.466,-0.448,
1665,39.4985275,-93.3365173,-0.433,-0.421,
1667.5,39.4985275,-93.3364944,-0.466,-0.459,
1670,39.4985237,-93.3364792,-0.486,-0.48,
1672.5,39.4985123,-93.3364563,-0.508,-0.501,
1675,39.4985046,-93.3364334,-0.499,-0.498,
1677.5,39.4985084,-93.3364029,-0.498,-0.496,
1680,39.4985084,-93.3363876,-0.456,-0.45,
1682.5,39.4985084,-93.3363724,-0.504,-0.491,
1685,39.4985123,-93.3363419,-0.465,-0.456,
1687.5,39.4985008,-93.3363113,-0.49,-0.471,
1690,39.4984932,-93.3362884,-0.497,-0.486,
1692.5,39.4984894,-93.3362732,-0.522,-0.505,
1695,39.4984894,-93.3362427,-0.501,-0.459,
1697.5,39.4984894,-93.3362122,-0.48,-0.468,
1700,39.4984856,-93.3361893,-0.479,-0.468,
1702.5,39.4984818,-93.3361664,-0.484,-0.479,
1705,39.4984703,-93.3361359,-0.47,-0.456,
1707.5,39.4984741,-93.3361054,-0.494,-0.474,
1710,39.4984665,-93.3360825,-0.481,-0.464,
1712.5,39.4984627,-93.3360519,-0.502,-0.494,
1715,39.4984627,-93.3360214,-0.53,-0.503,
1717.5,39.4984627,-93.3359909,-0.491,-0.48,
1720,39.498455,-93.3359604,-0.477,-0.462,
1722.5,39.4984474,-93.3359299,-0.495,-0.483,
1725,39.4984512,-93.3358994,-0.496,-0.484,
1727.5,39.4984512,-93.3358688,-0.485,-0.471,
1730,39.4984436,-93.3358307,-0.491,-0.483,
1732.5,39.498436,-93.3358078,-0.487,-0.485,
1735,39.4984322,-93.3357696,-0.477,-0.48,
1737.5,39.4984245,-93.3357391,-0.545,-0.51,
1740,39.4984169,-93.3357239,-0.494,-0.475,
1742.5,39.4984131,-93.3356934,-0.5,-0.497,3'
1745,39.4984131,-93.3356628,-0.491,-0.486,
1747.5,39.4984093,-93.33564,-0.496,-0.487,
1750,39.4984016,-93.3356094,-0.506,-0.49,
1752.5,39.4984055,-93.3355789,-0.485,-0.484,
1755,39.4984016,-93.3355484,-0.516,-0.508,
1757.5,39.4984016,-93.3355179,-0.501,-0.495,
1760,39.4983978,-93.3354874,-0.517,-0.51,
1762.5,39.4983788,-93.3354797,-0.521,-0.501,
1765,39.4983788,-93.3354568,-0.498,-0.488,skip nest off set reads 20'
1767.5,39.4984093,-93.335434,-0.52,-0.501,
1770,39.4984283,-93.3354034,-0.495,-0.481,
1772.5,39.4984245,-93.3353729,-0.486,-0.474,
1775,39.4984245,-93.33535,-0.482,-0.452,
1777.5,39.4984283,-93.3353195,-0.489,-0.483,
1780,39.4984207,-93.335289,-0.476,-0.469,
1782.5,39.4984016,-93.3352585,-0.497,-0.486,
1785,39.4983864,-93.3352356,-0.476,-0.47,
1787.5,39.4983482,-93.3352203,-0.477,-0.468,end offset
1790,39.4983444,-93.3352127,-0.448,-0.432,
1792.5,39.4983406,-93.3351746,-0.448,-0.416,
1795,39.4983406,-93.335144,-0.438,-0.441,
1797.5,39.4983406,-93.3351212,-0.492,-0.485,
1800,39.498333,-93.3350983,-0.499,-0.487,
1802.5,39.4983292,-93.3350754,-0.472,-0.467,
1805,39.4983292,-93.3350449,-0.496,-0.484,
1807.5,39.4983254,-93.3350143,-0.517,-0.501,
1810,39.4983215,-93.3349762,-0.478,-0.47,
1812.5,39.4983063,-93.3349533,-0.495,-0.464,
1815,39.4983101,-93.3349228,-0.49,-0.465,
1817.5,39.4983101,-93.3348999,-0.461,-0.456,
1820,39.4983139,-93.3348694,-0.458,-0.456,
1822.5,39.4983063,-93.3348389,-0.416,-0.406,
1825,39.4983025,-93.3348084,-0.496,-0.492,
1827.5,39.4983025,-93.3347855,-0.503,-0.482,
1830,39.4983025,-93.3347702,-0.449,-0.431,
1832.5,39.498291,-93.3347473,-0.457,-0.44,
1835,39.4982834,-93.3347321,-0.498,-0.494,
1837.5,39.4982796,-93.3347092,-0.488,-0.477,3' 11'
1840,39.4982681,-93.3346786,-0.486,-0.476,
1842.5,39.4982605,-93.3346405,-0.491,-0.477,
1845,39.4982567,-93.3346252,-0.49,-0.476,
1847.5,39.4982529,-93.33461,-0.452,-0.451,
1850,39.4982605,-93.3345642,-0.469,-0.445,hb offset 40 ft
1852.5,39.4982681,-93.3345642,-0.456,-0.445,
1855,39.4982643,-93.3345413,-0.421,-0.411,
1857.5,39.4982681,-93.3345261,-0.475,-0.469,
1860,39.4982643,-93.3345108,-0.483,-0.466,
1862.5,39.4982719,-93.3344879,-0.487,-0.474,
1865,39.4982796,-93.3344498,-0.464,-0.451,
1867.5,39.4983063,-93.3344269,-0.456,-0.494,
1870,39.4983254,-93.3343811,-0.469,-0.456,
1872.5,39.4983368,-93.3343811,-0.469,-0.463,
1875,39.4983597,-93.3343506,-0.476,-0.468,
1877.5,39.4983711,-93.3343201,-0.52,-0.512,
1880,39.4983635,-93.3343124,-0.55,-0.538,
1882.5,39.4983597,-93.3342667,-0.59,-0.554,
1885,39.4983749,-93.3342819,-0.525,-0.51,skip
1887.5,39.4981804,-93.3340454,-0.475,-0.474,end skip other side of creek
1890,39.4981842,-93.3340454,-0.499,-0.489,
1892.5,39.4981918,-93.3340378,-0.493,-0.487,offset due to bees
1895,39.4982185,-93.3340073,-0.475,-0.465,
1897.5,39.49823,-93.3339844,-0.494,-0.487,
1900,39.4982338,-93.3339615,-0.486,-0.485,
1902.5,39.4982452,-93.3339386,-0.504,-0.491,
1905,39.4982529,-93.3339157,-0.51,-0.503,
1907.5,39.4982567,-93.3338928,-0.5,-0.493,
1910,39.4982643,-93.3338776,-0.504,-0.481,
1912.5,39.4982605,-93.3338623,-0.49,-0.48,
1915,39.4982681,-93.3338318,-0.492,-0.485,
1917.5,39.4982529,-93.3338165,-0.509,-0.503,
1920,39.4982414,-93.3338013,-0.503,-0.492,
1922.5,39.4982376,-93.3337784,-0.521,-0.511,
1925,39.4982414,-93.3337555,-0.503,-0.498,
1927.5,39.4982414,-93.333725,-0.494,-0.488,
1930,39.4981384,-93.3337021,-0.492,-0.488,end offset
1932.5,39.4981384,-93.3336639,-0.536,-0.529,
1935,39.4981461,-93.3336639,-0.488,-0.477,
1937.5,39.4981422,-93.333641,-0.517,-0.506,
1940,39.4980774,-93.3336487,-0.503,-0.479,offset 20 ft hb
1942.5,39.4980774,-93.3336334,-0.531,-0.523,
1945,39.4980698,-93.3336029,-0.536,-0.521,
1947.5,39.4980736,-93.33358,-0.517,-0.506,
1950,39.4980736,-93.333519,-0.49,-0.48,end offset
1952.5,39.4980774,-93.3334961,-0.491,-0.465,
1955,39.4980736,-93.3334656,-0.528,-0.51,
1957.5,39.4980736,-93.3334427,-0.477,-0.473,
1960,39.4980736,-93.3334274,-0.517,-0.503,
1962.5,39.4980736,-93.3333969,-0.494,-0.49,
1965,39.4980698,-93.333374,-0.481,-0.471,
1967.5,39.4980736,-93.3333511,-0.514,-0.471,
1970,39.4980812,-93.3333282,-0.489,-0.471,
1972.5,39.4981003,-93.3333054,-0.475,-0.472,
1975,39.4981003,-93.3332825,-0.438,-0.423,
1977.5,39.4981079,-93.3332596,-0.465,-0.461,
1980,39.4981117,-93.3332367,-0.464,-0.457,
1982.5,39.4981155,-93.3332062,-0.461,-0.449,
1985,39.4981155,-93.3331909,-0.451,-0.446,
1987.5,39.4981232,-93.3331604,-0.444,-0.44,
1990,39.4981232,-93.3331375,-0.462,-0.461,
1992.5,39.4981155,-93.333107,-0.478,-0.472,
1995,39.4981155,-93.333107,-0.497,-0.503,
1997.5,39.4980736,-93.3330917,-0.344,-0.334,end hb and offset start cultivated fieil
2000,39.4980621,-93.3330765,-0.527,-0.49,
2002.5,39.4980545,-93.3330612,-0.484,-0.489,
2005,39.4980507,-93.3330383,-0.517,-0.514,
2007.5,39.4980431,-93.3330154,-0.536,-0.532,
2010,39.4980392,-93.3329926,-0.561,-0.48,
2012.5,39.4980392,-93.3329697,-0.506,-0.507,
2015,39.4980316,-93.3329392,-0.524,-0.518,
2017.5,39.4980316,-93.332901,-0.516,-0.516,
2020,39.4980278,-93.3328781,-0.517,-0.506,
2022.5,39.498024,-93.3328552,-0.531,-0.525,
2025,39.4980278,-93.3328247,-0.496,-0.503,
2027.5,39.4980011,-93.3328094,-0.512,-0.513,
2030,39.4980087,-93.3327866,-0.568,-0.546,
2032.5,39.4980049,-93.332756,-0.496,-0.492,
2035,39.4980011,-93.3327255,-0.466,-0.464,
2037.5,39.4979935,-93.332695,-0.479,-0.474,
2040,39.4979782,-93.3326721,-0.498,-0.487,
2042.5,39.4979782,-93.3326492,-0.472,-0.47,
2045,39.497982,-93.3326187,-0.508,-0.485,
2047.5,39.497982,-93.3325958,-0.496,-0.482,
2050,39.4979782,-93.3325729,-0.498,-0.497,
2052.5,39.4979706,-93.33255,-0.488,-0.478,
2055,39.4979744,-93.3325348,-0.475,-0.473,
2057.5,39.4979744,-93.3325043,-0.473,-0.472,
2060,39.4979744,-93.3324814,-0.478,-0.472,
2062.5,39.4979744,-93.3324585,-0.469,-0.464,
2065,39.4979706,-93.3324432,-0.473,-0.471,
2067.5,39.4979668,-93.3324204,-0.453,-0.447,
2070,39.4979668,-93.3324051,-0.463,-0.463,
2072.5,39.4979591,-93.3323669,-0.43,-0.443,
2075,39.4979477,-93.3323517,-0.454,-0.459,
2077.5,39.4979515,-93.3323212,-0.462,-0.461,
2080,39.4979553,-93.3322983,-0.491,-0.447,
2082.5,39.497963,-93.3322983,-0.472,-0.483,3' 6'
2085,39.4979553,-93.3322678,-0.455,-0.457,
2087.5,39.4979477,-93.3322449,-0.4,-0.43,
2090,39.4979439,-93.332222,-0.391,-0.398,
2092.5,39.4979439,-93.3322067,-0.395,-0.402,
2095,39.4979515,-93.3321838,-0.405,-0.413,
2097.5,39.4979515,-93.332161,-0.391,-0.397,
2100,39.4979439,-93.3321228,-0.38,-0.399,
2102.5,39.4979439,-93.3320999,-0.399,-0.402,
2105,39.4979401,-93.3320694,-0.383,-0.38,
2107.5,39.4979362,-93.3320389,-0.317,-0.285,
2110,39.4979362,-93.332016,-0.295,-0.323,
2112.5,39.497921,-93.3319931,-0.324,-0.324,
2115,39.4979172,-93.3319702,-0.33,-0.335,
2117.5,39.4979096,-93.3319397,-0.331,-0.384,
2120,39.4979057,-93.3319168,-0.345,-0.371,
2122.5,39.4979019,-93.3318939,-0.32,-0.327,
2125,39.4979019,-93.3318787,-0.304,-0.313,
2127.5,39.4978943,-93.3318405,-0.256,-0.272,
2130,39.4978828,-93.3318253,-0.307,-0.305,
2132.5,39.4978828,-93.3318024,-0.321,-0.327,
2135,39.4978828,-93.3317871,-0.308,-0.322,
2137.5,39.4978828,-93.3317642,-0.33,-0.337,
2140,39.4978752,-93.3317413,-0.305,-0.314,
2142.5,39.497879,-93.3317184,-0.33,-0.326,
2145,39.497879,-93.3316879,-0.444,-0.429,
2147.5,39.4978867,-93.3316498,-0.44,-0.427,
2150,39.4978867,-93.3316498,-0.437,-0.422,
2152.5,39.4978828,-93.3316345,-0.431,-0.418,
2155,39.4978828,-93.3316193,-0.424,-0.412,
2157.5,39.4978828,-93.331604,-0.42,-0.408,
2160,39.4978828,-93.3315811,-0.415,-0.403,
2162.5,39.497879,-93.3315506,-0.408,-0.397,
2165,39.4978752,-93.3315277,-0.412,-0.408,
2167.5,39.4978752,-93.3315124,-0.431,-0.418,
2170,39.4978752,-93.3314896,-0.445,-0.437,
2172.5,39.4978714,-93.3314514,-0.448,-0.434,
2175,39.4978638,-93.3314285,-0.444,-0.43,
2177.5,39.49786,-93.3314056,-0.446,-0.432,
2180,39.49786,-93.3314056,-0.446,-0.416,
2182.5,39.4978561,-93.3313599,-0.44,-0.428,
2185,39.49786,-93.3313522,-0.437,-0.423,
2187.5,39.4978561,-93.3313294,-0.441,-0.426,
2190,39.4978523,-93.3312988,-0.434,-0.419,
2192.5,39.4978485,-93.3312759,-0.431,-0.418,
2195,39.4978447,-93.331253,-0.425,-0.411,
2197.5,39.4978447,-93.3312378,-0.408,-0.396,
2200,39.4978447,-93.3312149,-0.403,-0.392,
2202.5,39.4978371,-93.3312073,-0.408,-0.395,
2205,39.4978371,-93.3311768,-0.413,-0.401,
2207.5,39.4978371,-93.3311539,-0.421,-0.409,
2210,39.4978294,-93.3311234,-0.44,-0.427,
2212.5,39.4978256,-93.3310928,-0.427,-0.414,
2215,39.4978218,-93.3310776,-0.413,-0.4,
2217.5,39.4978142,-93.3310547,-0.401,-0.394,
2220,39.4978104,-93.3310394,-0.424,-0.413,
2222.5,39.4978027,-93.3310165,-0.444,-0.43,
2225,39.4978027,-93.3309936,-0.46,-0.445,
2227.5,39.4977913,-93.3309708,-0.478,-0.46,
2230,39.4977913,-93.3309326,-0.474,-0.457,
2232.5,39.4977875,-93.3309021,-0.476,-0.46,
2235,39.4977913,-93.3308868,-0.464,-0.449,
2237.5,39.4977837,-93.3308716,-0.47,-0.463,
2240,39.4977798,-93.3308334,-0.488,-0.47,
2242.5,39.4977798,-93.3308182,-0.502,-0.483,
2245,39.4977798,-93.3308029,-0.526,-0.506,
2247.5,39.497776,-93.3307724,-0.545,-0.526,
2250,39.4977722,-93.3307571,-0.567,-0.539,
2252.5,39.4977722,-93.3307419,-0.589,-0.563,
2255,39.4977722,-93.330719,-0.604,-0.577,
2257.5,39.4977684,-93.3306961,-0.609,-0.583,
2260,39.4977646,-93.3306732,-0.607,-0.577,
2262.5,39.4977646,-93.3306503,-0.62,-0.591,
2265,39.4977608,-93.3306198,-0.564,-0.592,
2267.5,39.497757,-93.3305969,-0.634,-0.603,
2270,39.497757,-93.3305817,-0.641,-0.608,
2272.5,39.4977531,-93.3305588,-0.645,-0.616,
2275,39.4977493,-93.3305359,-0.65,-0.613,
2277.5,39.4977455,-93.330513,-0.652,-0.619,
2280,39.4977379,-93.3304901,-0.658,-0.624,
2282.5,39.4977379,-93.3304901,-0.665,-0.63,
2285,39.4977341,-93.3304748,-0.662,-0.628,
2287.5,39.4977341,-93.3304672,-0.664,-0.631,
2290,39.4977341,-93.3304596,-0.665,-0.633,
2292.5,39.4977341,-93.330452,-0.669,-0.636,
2295,39.4977303,-93.3304214,-0.676,-0.642,
2297.5,39.4977264,-93.3304062,-0.682,-0.647,
2300,39.4977226,-93.3303833,-0.677,-0.643,
2302.5,39.4977188,-93.330368,-0.679,-0.645,
2305,39.4977112,-93.3303528,-0.686,-0.652,
2307.5,39.4977112,-93.3303299,-0.691,-0.657,
2310,39.497715,-93.330307,-0.685,-0.651,
2312.5,39.497715,-93.3302841,-0.695,-0.66,
2315,39.4977112,-93.3302689,-0.699,-0.663,
2317.5,39.4977074,-93.3302536,-0.699,-0.664,
2320,39.4977112,-93.3302231,-0.7,-0.664,
2322.5,39.4977112,-93.3302154,-0.708,-0.673,
2325,39.4977036,-93.3301926,-0.705,-0.668,
2327.5,39.4977036,-93.3301773,-0.701,-0.664,
2330,39.4976997,-93.3301468,-0.71,-0.672,
2332.5,39.4976959,-93.3301239,-0.706,-0.669,
2335,39.4976921,-93.330101,-0.713,-0.674,
2337.5,39.4976959,-93.3300858,-0.713,-0.675,
2340,39.4976959,-93.3300781,-0.715,-0.678,
2342.5,39.4976959,-93.3300629,-0.716,-0.678,
2345,39.4976921,-93.3300476,-0.712,-0.683,
2347.5,39.4976883,-93.3300247,-0.723,-0.686,
2350,39.4976807,-93.3300171,-0.723,-0.684,
2352.5,39.4976807,-93.3299942,-0.712,-0.677,
2355,39.4976768,-93.3299713,-0.724,-0.689,
2357.5,39.4976692,-93.3299637,-0.72,-0.685,
2360,39.4976692,-93.3299408,-0.723,-0.687,
2362.5,39.4976654,-93.3299255,-0.727,-0.691,
2365,39.4976654,-93.3299026,-0.732,-0.697,
2367.5,39.4976654,-93.3298874,-0.73,-0.694,
2370,39.4976578,-93.3298721,-0.734,-0.699,
2372.5,39.4976578,-93.3298492,-0.731,-0.7,
2375,39.4976578,-93.3298187,-0.737,-0.705,
2377.5,39.497654,-93.3298035,-0.735,-0.699,
2380,39.497654,-93.3297806,-0.733,-0.697,
2382.5,39.497654,-93.3297653,-0.736,-0.701,
2385,39.4976502,-93.3297424,-0.732,-0.7,
2387.5,39.4976463,-93.3297195,-0.708,-0.687,
2390,39.4976387,-93.3296967,-0.734,-0.699,
2392.5,39.4976349,-93.3296814,-0.728,-0.695,
2395,39.4976349,-93.3296661,-0.735,-0.689,
2397.5,39.4976349,-93.3296432,-0.71,-0.676,
2400,39.4976349,-93.3296204,-0.729,-0.697,
2402.5,39.4976311,-93.3295822,-0.736,-0.706,
2405,39.4976273,-93.3295593,-0.716,-0.686,
2407.5,39.4976196,-93.3295517,-0.725,-0.697,
2410,39.4976196,-93.3295364,-0.664,-0.641,
2412.5,39.4976196,-93.3295136,-0.729,-0.708,
2415,39.4976158,-93.329483,-0.74,-0.716,
2417.5,39.4976158,-93.3294678,-0.732,-0.708,
2420,39.497612,-93.3294601,-0.736,-0.71,
2422.5,39.4976044,-93.3294296,-0.715,-0.688,
2425,39.4975967,-93.3294144,-0.734,-0.709,
2427.5,39.4976044,-93.3293838,-0.739,-0.718,
2430,39.4976044,-93.329361,-0.7,-0.672,
2432.5,39.4976082,-93.3293457,-0.708,-0.679,
2435,39.4976044,-93.3293304,-0.731,-0.702,
2437.5,39.4975967,-93.3293076,-0.731,-0.682,
2440,39.4975967,-93.329277,-0.742,-0.713,
2442.5,39.4975967,-93.3292618,-0.722,-0.693,
2445,39.4975967,-93.3292618,-0.723,-0.694,
2447.5,39.4976044,-93.3292389,-0.748,-0.721,
2450,39.4976006,-93.329216,-0.754,-0.724,
2452.5,39.4975967,-93.3292084,-0.742,-0.71,
2455,39.4975929,-93.3291855,-0.72,-0.69,
2457.5,39.4975929,-93.3291626,-0.717,-0.685,
2460,39.4975967,-93.3291473,-0.753,-0.722,
2462.5,39.4975891,-93.3291244,-0.728,-0.686,
2465,39.4975929,-93.3290939,-0.725,-0.694,
2467.5,39.4975891,-93.329071,-0.747,-0.713,
2470,39.4975891,-93.3290482,-0.698,-0.662,
2472.5,39.4975929,-93.3290253,-0.733,-0.7,
2475,39.4975929,-93.3290024,-0.711,-0.676,
2477.5,39.4975891,-93.3289948,-0.698,-0.663,
2480,39.4975815,-93.3289642,-0.756,-0.722,
2482.5,39.4975777,-93.3289413,-0.661,-0.636,
2485,39.4975777,-93.3289261,-0.757,-0.723,
2487.5,39.4975738,-93.3289185,-0.76,-0.725,
2490,39.4975738,-93.3288956,-0.75,-0.719,
2492.5,39.49757,-93.3288727,-0.746,-0.711,
2495,39.4975738,-93.3288574,-0.744,-0.706,
2497.5,39.4975662,-93.3288345,-0.753,-0.715,
2500,39.4975624,-93.3288193,-0.753,-0.722,
2502.5,39.4975586,-93.3287964,-0.751,-0.72,
2505,39.4975548,-93.3287811,-0.757,-0.725,
2507.5,39.4975433,-93.3287506,-0.752,-0.721,
2510,39.4975472,-93.3287277,-0.753,-0.723,
2512.5,39.497551,-93.3287125,-0.761,-0.731,
2515,39.497551,-93.3286896,-0.756,-0.728,
2517.5,39.4975548,-93.3286591,-0.735,-0.711,
2520,39.4975586,-93.3286438,-0.758,-0.731,
2522.5,39.4975548,-93.3286285,-0.752,-0.727,pm
2525,39.497551,-93.3286056,-0.768,-0.743,
2527.5,39.4975433,-93.3285751,-0.735,-0.709,edge road
2530,39.4975281,-93.3283844,-0.707,-0.706,"skip radod ts (TPR:FG -0.718V/-0.693V, MIR 0.052V/0.030V, NG -0.707V/-0.706V)"
2532.5,39.4975281,-93.3283844,-0.573,-0.567,ts left top
2535,39.4975281,-93.3283844,-0.708,-0.706,ts left bottom seems to be the good one
2537.5,39.4975281,-93.3283844,-0.037,-0.037,white test lead
2540,39.4975281,-93.3283844,-1.386,-1.388,top right
2542.5,39.4975281,-93.3283844,-0.017,-0.012,bottom right
2545,39.4975243,-93.3283844,-0.748,-0.723,test lead from starting test station
2547.5,39.4974251,-93.3286056,-0.769,-0.738,test station of beginning at bond box
2550,39.4974289,-93.328598,-0.72,-0.711,test lead at bond box
2552.5,39.4974213,-93.328598,-0.72,-0.711,bond cable
2555,39.4975395,-93.3285751,-0.794,-0.769,test lead from beginning
2557.5,39.4975357,-93.3285675,-0.643,-0.328,negative to rectifier
